Preview,,,,,,
تكوين,,,,,,
رضاعة,,,,,,
ٱختبأ,,,,,,
تأنيب,,,,,,
تبسيط,,,,,,
إقامة,,,,,,
مرشوش,,,,,,
مسيحي,,,,,,
لافتة,,,,,,
أضحية,,,,,,
ساقية,,,,,,
إغراق,,,,,,
غرابة,,,,,,
تزويج,,,,,,
فانوس,,,,,,
تصليح,,,,,,
محمول,,,,,,
تسمية,,,,,,
ترشيد,,,,,,
تأثير,,,,,,
تزاحم,,,,,,
باميا,,,,,,
ٱنحنى,,,,,,
ٱبتسم,,,,,,
منشار,,,,,,
تخزين,,,,,,
ضروري,,,,,,
ٱشترى,,,,,,
مخالف,,,,,,
جلباب,,,,,,
عبارة,,,,,,
ٱنشغل,,,,,,
منعطف,,,,,,
تصنيع,,,,,,
مستمع,,,,,,
ٱنتفخ,,,,,,
ممتلئ,,,,,,
ٱعتبر,,,,,,
ٱنطبخ,,,,,,
نضارة,,,,,,
تصدير,,,,,,
تعجيل,,,,,,
مادام,,,,,,
ٱستخف,,,,,,
وسيلة,,,,,,
فائدة,,,,,,
وساخة,,,,,,
خطوبة,,,,,,
ٱرتفع,,,,,,
ٱنذهل,,,,,,
رافعة,,,,,,
جنسية,,,,,,
ساحرة,,,,,,
ٱنتهى,,,,,,
خربان,,,,,,
إزالة,,,,,,
فلاحة,,,,,,
مقولة,,,,,,
ٱختبر,,,,,,
قساوة,,,,,,
سياحة,,,,,,
حكومي,,,,,,
ٱختار,,,,,,
مقلمة,,,,,,
ألماس,,,,,,
تثاؤب,,,,,,
ٱستحم,,,,,,
وطنية,,,,,,
ٱستمر,,,,,,
منقار,,,,,,
توبيخ,,,,,,
إرهاق,,,,,,
إصطبل,,,,,,
تباهي,,,,,,
عريان,,,,,,
مقرمش,,,,,,
سيطرة,,,,,,
ٱبتعد,,,,,,
عملاق,,,,,,
ترحيل,,,,,,
قرمشة,,,,,,
تحليق,,,,,,
ٱنتظر,,,,,,
تعاسة,,,,,,
تقديم,,,,,,
مشاهد,,,,,,
تهنئة,,,,,,
ٱنخفض,,,,,,
تشييع,,,,,,
صحابة,,,,,,
صينية,,,,,,
محفوظ,,,,,,
ٱعتقل,,,,,,
ٱرتدى,,,,,,
تفليس,,,,,,
موعظة,,,,,,
ٱختطف,,,,,,
صافرة,,,,,,
عناية,,,,,,
دفاية,,,,,,
تجاوب,,,,,,
مهاجم,,,,,,
منشفة,,,,,,
شخصية,,,,,,
تزامن,,,,,,
ٱرتاح,,,,,,
محتفل,,,,,,
متأكد,,,,,,
صاعقة,,,,,,
رتابة,,,,,,
تواصل,,,,,,
طربوش,,,,,,
سروال,,,,,,
مبتهج,,,,,,
متألم,,,,,,
صناعة,,,,,,
تقطيع,,,,,,
مراسل,,,,,,
مأمور,,,,,,
عطشان,,,,,,
ٱجتاز,,,,,,
تأدية,,,,,,
عصابة,,,,,,
إنفاق,,,,,,
ٱجتهد,,,,,,
ملكية,,,,,,
ٱنحفر,,,,,,
إسهال,,,,,,
أخدود,,,,,,
حنفية,,,,,,
تعذيب,,,,,,
ٱعتذر,,,,,,
تواجد,,,,,,
خطورة,,,,,,
تشابك,,,,,,
حسبان,,,,,,
تناقص,,,,,,
برهان,,,,,,
عكازة,,,,,,
مطفأة,,,,,,
محترم,,,,,,
رغاوة,,,,,,
مشهور,,,,,,
مسبحة,,,,,,
رئاسة,,,,,,
وشوشة,,,,,,
إسلام,,,,,,
لطافة,,,,,,
ٱنتخب,,,,,,
تهذيب,,,,,,
إسوار,,,,,,
تنزيل,,,,,,
ٱنقطع,,,,,,
ٱفتقر,,,,,,
فظاعة,,,,,,
دوامة,,,,,,
مخبأة,,,,,,
عوامة,,,,,,
حماسة,,,,,,
ٱحتفظ,,,,,,
مطحنة,,,,,,
مشنقة,,,,,,
معجون,,,,,,
مشروع,,,,,,
حصالة,,,,,,
ضيافة,,,,,,
تكفير,,,,,,
ٱلتأم,,,,,,
بنيان,,,,,,
تسريع,,,,,,
زريبة,,,,,,
ٱعتاد,,,,,,
ٱصطاد,,,,,,
زقزقة,,,,,,
أنوثة,,,,,,
فيضان,,,,,,
متسول,,,,,,
إيمان,,,,,,
تحويل,,,,,,
تشويه,,,,,,
مجهود,,,,,,
محامي,,,,,,
متبرع,,,,,,
ذبابة,,,,,,
منتزه,,,,,,
دوران,,,,,,
مهزوم,,,,,,
تعبان,,,,,,
إفادة,,,,,,
ٱطمأن,,,,,,
متبقي,,,,,,
سرطان,,,,,,
ٱحترم,,,,,,
رياضي,,,,,,
تدفئة,,,,,,
منتصف,,,,,,
ريحان,,,,,,
تأليف,,,,,,
تحميل,,,,,,
مزركش,,,,,,
فقاعة,,,,,,
تقصير,,,,,,
شواية,,,,,,
مرحاض,,,,,,
منضدة,,,,,,
منادي,,,,,,
نوعية,,,,,,
ملاية,,,,,,
تعامل,,,,,,
حيوية,,,,,,
تضايق,,,,,,
معاون,,,,,,
ٱلتزم,,,,,,
إتمام,,,,,,
متجعد,,,,,,
ٱعتمد,,,,,,
ظهيرة,,,,,,
توصيل,,,,,,
ٱحترف,,,,,,
تقاتل,,,,,,
ناصية,,,,,,
تقوية,,,,,,
خاصرة,,,,,,
ٱرتعش,,,,,,
ساطور,,,,,,
تعبير,,,,,,
خياطة,,,,,,
ٱنخنق,,,,,,
صرصار,,,,,,
مراقب,,,,,,
عربية,,,,,,
فرامة,,,,,,
منظار,,,,,,
قصقصة,,,,,,
سكران,,,,,,
ٱنهرس,,,,,,
خلاصة,,,,,,
منافق,,,,,,
ٱستدل,,,,,,
ندمان,,,,,,
وظيفة,,,,,,
حرامي,,,,,,
تذكار,,,,,,
إشارة,,,,,,
ٱنتصر,,,,,,
فخامة,,,,,,
ٱحتفل,,,,,,
تقابل,,,,,,
ٱفتخر,,,,,,
تفاهم,,,,,,
تخاصم,,,,,,
غرقان,,,,,,
محارب,,,,,,
جاسوس,,,,,,
شقلبة,,,,,,
تلوين,,,,,,
مصروف,,,,,,
تساؤل,,,,,,
تقاذف,,,,,,
تسليح,,,,,,
مخاطر,,,,,,
ٱندلق,,,,,,
تعالج,,,,,,
رجولة,,,,,,
ٱختنق,,,,,,
تلميح,,,,,,
إبحار,,,,,,
ٱستحق,,,,,,
إشراق,,,,,,
إجبار,,,,,,
شمشمة,,,,,,
تأسيس,,,,,,
طهارة,,,,,,
ٱخترع,,,,,,
تركيز,,,,,,
تقريب,,,,,,
طماطم,,,,,,
حراسة,,,,,,
ميناء,,,,,,
مترجم,,,,,,
ٱعترف,,,,,,
تعانق,,,,,,
إسقاط,,,,,,
عامود,,,,,,
ٱنتبه,,,,,,
براية,,,,,,
ٱنقلب,,,,,,
ٱمرأة,,,,,,
مخاطب,,,,,,
تحذير,,,,,,
ٱنشرح,,,,,,
بقالة,,,,,,
ٱنباع,,,,,,
تبادل,,,,,,
خاتمة,,,,,,
تلاقى,,,,,,
كزبرة,,,,,,
ٱستلم,,,,,,
ٱحتمل,,,,,,
تمرجح,,,,,,
سبورة,,,,,,
تعالى,,,,,,
تشغيل,,,,,,
مولود,,,,,,
فريضة,,,,,,
ٱغتسل,,,,,,
جندية,,,,,,
ترحاب,,,,,,
خرابة,,,,,,
ٱختفى,,,,,,
مشعوذ,,,,,,
تزحزح,,,,,,
زغردة,,,,,,
اللهم,,,,,,
توقيت,,,,,,
تخفيض,,,,,,
ٱزداد,,,,,,
متحدث,,,,,,
قرنفل,,,,,,
تساوي,,,,,,
مسطرة,,,,,,
تعاطي,,,,,,
ٱكتشف,,,,,,
محبوس,,,,,,
كوفية,,,,,,
تطويل,,,,,,
ٱلتهم,,,,,,
كتمان,,,,,,
إحراق,,,,,,
ٱنتقل,,,,,,
تقاطع,,,,,,
جلالة,,,,,,
ٱقترب,,,,,,
متغيب,,,,,,
ٱستعد,,,,,,
تقدير,,,,,,
إجرام,,,,,,
بناية,,,,,,
ٱنبسط,,,,,,
فرشاة,,,,,,
ٱندعس,,,,,,
تصارع,,,,,,
توفيق,,,,,,
تبرير,,,,,,
إطاعة,,,,,,
إقراض,,,,,,
رشاشة,,,,,,
محتاج,,,,,,
ٱقتطف,,,,,,
شخبطة,,,,,,
تحليل,,,,,,
زميلة,,,,,,
مختبر,,,,,,
ٱعتقد,,,,,,
تقليم,,,,,,
عاصفة,,,,,,
متأسف,,,,,,
مهجور,,,,,,
معابد,,,,,,
تساءل,,,,,,
تصالح,,,,,,
موهبة,,,,,,
تهوية,,,,,,
ٱحترس,,,,,,
فاصلة,,,,,,
مساحة,,,,,,
تخفيف,,,,,,
موهوب,,,,,,
مضمضة,,,,,,
مشتري,,,,,,
إطعام,,,,,,
ترجمة,,,,,,
مرتبة,,,,,,
ٱنبلع,,,,,,
شريان,,,,,,
سكينة,,,,,,
تدمير,,,,,,
تعريض,,,,,,
ضوضاء,,,,,,
غسالة,,,,,,
مسافر,,,,,,
منطقة,,,,,,
تبييض,,,,,,
بشاشة,,,,,,
إسفنج,,,,,,
ٱجتمع,,,,,,
قهقهة,,,,,,
تحديث,,,,,,
هواية,,,,,,
طيران,,,,,,
سخانة,,,,,,
ٱحترق,,,,,,
تكتكة,,,,,,
أنبوب,,,,,,
ٱحتاج,,,,,,
ٱختفت,,,,,,
منافس,,,,,,
مبلول,,,,,,
تحطيم,,,,,,
ٱلتقى,,,,,,
صعوبة,,,,,,
تنبيه,,,,,,
توفير,,,,,,
تجريب,,,,,,
مسجون,,,,,,
صرصور,,,,,,
ٱستمع,,,,,,
قصاصة,,,,,,
تبذير,,,,,,
طباعة,,,,,,
مختار,,,,,,
متعري,,,,,,
ٱنزعج,,,,,,
تقاسم,,,,,,
تضييع,,,,,,
إتقان,,,,,,
ٱزدحم,,,,,,
ٱقترح,,,,,,
ٱلتهب,,,,,,
تصوير,,,,,,
قرابة,,,,,,
ٱشتغل,,,,,,
ٱرتبك,,,,,,
مظلوم,,,,,,
مهارة,,,,,,
تمركز,,,,,,
عصارة,,,,,,
تحفيز,,,,,,
مرتفع,,,,,,
وحشية,,,,,,
ٱفترس,,,,,,
ٱنزرع,,,,,,
ٱنتحر,,,,,,
لفافة,,,,,,
تلويث,,,,,,
حماية,,,,,,
بساطة,,,,,,
إصلاح,,,,,,
إرسال,,,,,,
شقاوة,,,,,,
تناثر,,,,,,
عدالة,,,,,,
حكومة,,,,,,
تمشيط,,,,,,
ٱكتمل,,,,,,
محكوم,,,,,,
تفتيش,,,,,,
خرافة,,,,,,
أمومة,,,,,,
ٱنتقم,,,,,,
ٱنتفع,,,,,,
مهاجر,,,,,,
حديدة,,,,,,
ٱثنين,,,,,,
تدقيق,,,,,,
سلامة,,,,,,
ٱنتشر,,,,,,
عجينة,,,,,,
ٱبتدأ,,,,,,
ٱمتلك,,,,,,
نيوكت,,,,,,
طيسبت,,,,,,
شوشرم,,,,,,
يحيسم,,,,,,
سوناف,,,,,,
لومحم,,,,,,
ديشرت,,,,,,
محازت,,,,,,
ايماب,,,,,,
راشنم,,,,,,
نيزخت,,,,,,
فلاخم,,,,,,
لغشنٱ,,,,,,
فطعنم,,,,,,
ريدصت,,,,,,
نابرخ,,,,,,
يموكح,,,,,,
راتخٱ,,,,,,
بؤاثت,,,,,,
رمتسٱ,,,,,,
خيبوت,,,,,,
نايرع,,,,,,
شمرقم,,,,,,
دهاشم,,,,,,
سيلفت,,,,,,
مجاهم,,,,,,
شوبرط,,,,,,
لاورس,,,,,,
زاتجٱ,,,,,,
دهتجٱ,,,,,,
رفحنٱ,,,,,,
دودخأ,,,,,,
دجاوت,,,,,,
كباشت,,,,,,
نابسح,,,,,,
روهشم,,,,,,
ليزنت,,,,,,
عورشم,,,,,,
ريفكت,,,,,,
مأتلٱ,,,,,,
ناينب,,,,,,
لوستم,,,,,,
هيوشت,,,,,,
نارود,,,,,,
نابعت,,,,,,
ناطرس,,,,,,
ناحير,,,,,,
ضاحرم,,,,,,
يدانم,,,,,,
نواعم,,,,,,
مزتلٱ,,,,,,
شعترٱ,,,,,,
روطاس,,,,,,
راصرص,,,,,,
بقارم,,,,,,
ناركس,,,,,,
قفانم,,,,,,
لدتسٱ,,,,,,
نامدن,,,,,,
مهافت,,,,,,
ناقرغ,,,,,,
نيولت,,,,,,
فورصم,,,,,,
حيلست,,,,,,
رطاخم,,,,,,
جلاعت,,,,,,
قارشإ,,,,,,
زيكرت,,,,,,
بيرقت,,,,,,
بطاخم,,,,,,
حرشنٱ,,,,,,
لدابت,,,,,,
ملتسٱ,,,,,,
حجرمت,,,,,,
دولوم,,,,,,
تيقوت,,,,,,
ضيفخت,,,,,,
دادزٱ,,,,,,
يواست,,,,,,
سوبحم,,,,,,
ليوطت,,,,,,
عطاقت,,,,,,
مارجإ,,,,,,
عراصت,,,,,,
قيفوت,,,,,,
ربتخم,,,,,,
ميلقت,,,,,,
بوهوم,,,,,,
نايرش,,,,,,
ريمدت,,,,,,
ءاضوض,,,,,,
رفاسم,,,,,,
ثيدحت,,,,,,
ناريط,,,,,,
بوبنأ,,,,,,
سفانم,,,,,,
لولبم,,,,,,
هيبنت,,,,,,
ريفوت,,,,,,
بيرجت,,,,,,
روصرص,,,,,,
راتخم,,,,,,
ريوصت,,,,,,
مولظم,,,,,,
زكرمت,,,,,,
سرتفٱ,,,,,,
عرزنٱ,,,,,,
ثيولت,,,,,,
رثانت,,,,,,
طيشمت,,,,,,
موكحم,,,,,,
رشتنٱ,,,,,,
أدتبٱ,,,,,,
مظفلة,,,,,,
علمقة,,,,,,
حلثقة,,,,,,
دلابة,,,,,,
رسالق,,,,,,
جلالق,,,,,,
ثموني,,,,,,
زشاعة,,,,,,
ترارة,,,,,,
متانع,,,,,,
شنمخب,,,,,,
ضروشي,,,,,,
خكلون,,,,,,
مسشون,,,,,,
إظتاع,,,,,,
طمازم,,,,,,
نهربة,,,,,,
مطكول,,,,,,
تشكيد,,,,,,
إفجاب,,,,,,
وثالة,,,,,,
نبيجة,,,,,,
مسخول,,,,,,
تدنوص,,,,,,
أجصقة,,,,,,
دكيضة,,,,,,
كاصمه,,,,,,
مشغوع,,,,,,
اتباق,,,,,,
أسبوت,,,,,,
متوسث,,,,,,
جينار,,,,,,
مباغر,,,,,,
شخفية,,,,,,
تشكيع,,,,,,
ذاثلي,,,,,,
تعلكم,,,,,,
اتسان,,,,,,
بنيسة,,,,,,
أعنيس,,,,,,
جاكوس,,,,,,
طفوصة,,,,,,
كياحي,,,,,,
تمغال,,,,,,
اغتشر,,,,,,
جثناء,,,,,,
إتذال,,,,,,
عرهاق,,,,,,
علطقة,,,,,,
صراءة,,,,,,
حشروع,,,,,,
جكيثة,,,,,,
إمظأة,,,,,,
مضلوة,,,,,,
شخرية,,,,,,
أكنية,,,,,,
ونوان,,,,,,
ذعروف,,,,,,
جدرسة,,,,,,
أسبوم,,,,,,
قيلعت,,,,,,
زيهجت,,,,,,
فصتنم,,,,,,
ىسحىں,,,,,,
دسخين,,,,,,
قسخين,,,,,,
ثسخين,,,,,,
تسخين,,,,,,